{
    "vowels": {
        "vowel_0": {
            "f1": 274,
            "f2": 2332.7499999999995,
            "label": "i"
        },
        "vowel_1": {
            "f1": 434,
            "f2": 2032.25,
            "label": "é"
        },
        "vowel_2": {
            "f1": 640.67,
            "f2": 1670.5000000000005,
            "label": "è"
        },
        "vowel_3": {
            "f1": 818.67,
            "f2": 1434.2500000000005,
            "label": "a"
        },
        "vowel_4": {
            "f1": 806,
            "f2": 1076.5000000000005,
            "label": "ar"
        },
        "vowel_5": {
            "f1": 590,
            "f2": 880,
            "label": "ò"
        },
        "vowel_6": {
            "f1": 466,
            "f2": 799,
            "label": "ó"
        },
        "vowel_7": {
            "f1": 300,
            "f2": 870,
            "label": "u"
        }
    },
    "movement": {
        "horizontalFactor": 0.5,
        "verticalFactor": 3.0
    }
}