{
    "vowels": {
        "vowel_0": {
            "f1": 310.0,
            "f2": 2098.75,
            "label": "i"
        },
        "vowel_1": {
            "f1": 434.0,
            "f2": 2032.25,
            "label": "e"
        },
        "vowel_2": {
            "f1": 596.6666666666667,
            "f2": 1661.4999999999998,
            "label": "\u025b"
        },
        "vowel_3": {
            "f1": 714.6666666666666,
            "f2": 1389.25,
            "label": "\u00e6"
        },
        "vowel_4": {
            "f1": 702.0,
            "f2": 1112.5,
            "label": "\u0251"
        },
        "vowel_5": {
            "f1": 590,
            "f2": 880,
            "label": "\u0254"
        },
        "vowel_6": {
            "f1": 466.0,
            "f2": 799.0,
            "label": "o"
        },
        "vowel_7": {
            "f1": 300,
            "f2": 870,
            "label": "u"
        },
        "vowel_8": {
            "f1": 500,
            "f2": 1500,
            "label": "\u0259"
        }
    }
}